supplier_id,supplier_name,contact_person,email,phone,city,country
1,Lowe Ltd,Christina Wood,gpeters@nguyen.net,+1-527-782-7257x86233,Thompsonview,USA
2,Galloway PLC,Heather Berry,hsalazar@maldonado.com,7528126760,Garymouth,USA
3,Mathews-Mcgee,Kevin Smith,greenanthony@white.com,235.513.4968x557,Dillonhaven,USA
4,Smith PLC,Stacey Hart,atran@anderson-logan.com,665-669-1277,East Todd,USA
5,Allen Ltd,Angela Mcmillan,hallderek@gamble.com,843-614-8311,North Meghanstad,USA
6,Holmes-Sanders,Gwendolyn Hodge,pearsonsuzanne@perry.com,550-861-7396x7012,Deborahborough,USA
7,Mayer Group,Alex Evans,omar74@callahan-barr.com,001-873-415-4643,Angelaburgh,USA
8,Robbins Inc,Travis Mathis,jodymorris@hernandez-lowery.net,426-702-1626x8115,Solomonview,USA
9,"Guzman, Wagner and Young",Eric Barnes,martinmark@walker.biz,001-897-427-2646x6574,Lake Allisonshire,USA
10,Roberson-Russell,Michael Wilson,michaeltaylor@lindsey-gomez.info,(887)372-9142x198,Steventon,USA
11,"Taylor, Spencer and Hoover",Eric Moore,wheeleredward@contreras-herrera.org,001-711-849-1729,South Zachary,USA
12,Smith-Mckinney,Michael Olson,stephanie68@moore.com,8547467613,Andreafurt,USA
13,Williams Inc,Dalton Cobb,jillbryant@hunt.com,961-803-9816x7261,Hallside,USA
14,Fuentes-Evans,Barry Garcia,edwintaylor@murphy.com,471-616-0372x90151,Santoschester,USA
15,Smith PLC,Margaret Burch,cruzmatthew@salazar-bailey.com,001-300-600-6161x5580,Port Megan,USA
16,"Alvarez, Walsh and Wang",William Tran,estradapaige@webster.net,001-795-296-3009x142,Port Marthafort,USA
17,Ryan Inc,Karen Morris,emilythompson@perez.com,949-573-9039x5056,Port Edwardmouth,USA
18,"Peterson, Fox and Brady",Nathan Mendoza,sanchezwilliam@jackson.com,531.983.3003,Sarahburgh,USA
19,Wade and Sons,Robert Shannon,ericsullivan@ferguson.com,997.212.7073,Shepardview,USA
20,Johnson PLC,Nathan Collins,john14@golden-valdez.com,001-815-302-7149x606,West Angela,USA
21,Henry-Joseph,Christopher Hicks,erica59@jackson.com,(606)731-5743x5353,Smithside,USA
22,"Miller, Guzman and Nash",Jesse Hawkins,guerreromichael@ritter.com,324-590-0193x621,Port Katie,USA
23,Wright Inc,Heather Wood,davidwillis@scott-arroyo.com,001-779-669-4565,Wheelerberg,USA
24,"Leonard, Macias and Brown",Dylan Ramos,darren63@wilson.net,(861)362-1533,East Marcview,USA
25,Alexander-Maldonado,Claire Smith,atkinsjessica@walker-west.com,333.240.1231x77147,Port Richard,USA
26,Cooley Inc,Edward Brandt,johnsonmichael@jacobs.net,943-217-1102x4033,Stephenbury,USA
27,Garcia-Miller,Jason Morton,david72@harris-carroll.net,001-878-951-0049x63198,Matthewfort,USA
28,Lopez-Marsh,Laura Boyle,jenna22@nelson.com,(253)790-7766x7953,Robertton,USA
29,"Hampton, Contreras and Hayden",Christopher Fox,pwillis@schroeder.com,404-243-5295x879,South Scottfurt,USA
30,"Roberts, Davis and George",Marcus Miller,ilang@lopez-terry.com,2304352993,Port Jesusport,USA
31,Kane-Potts,James Wilson,russojordan@glover-beck.com,(549)805-3648x764,Lake Richard,USA
32,Scott PLC,Nicole White,davistimothy@carter-kelly.org,+1-538-710-1111x54127,Hessmouth,USA
33,"Kent, Love and Allen",Bruce Cordova,mkaiser@beltran.info,001-746-365-9441x7000,Mariafurt,USA
34,Vincent Group,Kristina White,lcarter@walter.com,(895)499-8390,Grantton,USA
35,Larsen-Grant,Rebecca Haynes,scottzachary@thompson-gonzalez.org,001-298-682-8545x8859,East Heatherhaven,USA
36,Bond PLC,Curtis Hall,tim51@chen.org,(349)831-1737x52575,New David,USA
37,Smith-Davis,Erica Davis,charles94@frank.com,(689)785-0944x16345,Clarkview,USA
38,"Scott, Washington and Jordan",Preston Tran,danielsterri@trevino.net,7167877951,Karenchester,USA
39,"Brown, Kennedy and Ford",Darius Kerr,nicolesmith@boyd-ferguson.com,362-549-8889x7784,West Davidmouth,USA
40,"Kim, Pierce and Suarez",Michael Webb,coleshane@arnold.info,931-663-6036x17723,Alexandershire,USA
41,Baker and Sons,Paula Hartman,michaelnguyen@scott.com,(688)718-4276,Port Barbarachester,USA
42,Petersen-Tate,Mary Molina,michelle80@brown.info,388.235.9588x99321,Simmonsfort,USA
43,"Wilson, Malone and Morgan",Cheryl Taylor,michaelmueller@george-morales.com,306-640-0625x128,Reginaview,USA
44,Smith-Riley,Linda Brown,joshua33@charles.net,610-644-5294x7508,Anthonyville,USA
45,Bowen-Gray,Gary Parker,thomas22@aguilar-richardson.com,260.629.5294,South Jenniferberg,USA
46,Smith Ltd,Mrs. Susan Wang,ythomas@welch.info,001-409-501-4376x58623,East Jenniferfort,USA
47,Bentley-Charles,Larry Campbell,rknight@webb.com,(916)734-6635,Lake John,USA
48,Jarvis Inc,Robin Lee,allenmegan@garcia.info,(280)514-3008x82727,Kimberg,USA
49,Price-Chavez,Michele Cohen,michaeldurham@peterson-miller.biz,220.961.4766x2893,South Samuelview,USA
50,Morris PLC,Jacob Mendoza,karensolis@hall.com,001-515-499-1482x690,Wilsonville,USA
51,Vincent LLC,Matthew Swanson,codyhoward@mitchell.biz,672-626-0014x895,East Alanton,USA
52,Harris Ltd,Jacob Murphy,kyleharris@miller-mejia.com,001-599-722-5080x6532,North Jesseville,USA
53,Reed-Patterson,Aaron Watson,hramos@reyes.info,+1-617-835-1668,Lake Joshualand,USA
54,"Pacheco, Hall and Everett",Sheila Sullivan,mariafields@odom.com,900.819.6568,Sheilaport,USA
55,"Campbell, Cook and Miller",Jennifer Ellis,vmartinez@burke-lee.info,+1-739-419-8139x470,Brownfort,USA
56,Johnson Group,John Stewart,garciashawn@lowery.biz,703.524.5821,North Lisaport,USA
57,Nelson-Santana,Lori Anderson,jason25@hays.com,+1-925-453-8364x8535,Maldonadoburgh,USA
58,Terry Group,Stephen Coleman,colleen83@shelton.com,001-303-343-6645x6740,Vanessafurt,USA
59,Smith PLC,Cynthia Scott,harry12@russell-hansen.com,938-994-8990x48318,New Alex,USA
60,Garrett-Garcia,Shawn Johnson,alicia74@johnson.info,001-654-591-5906x6926,Olsonmouth,USA
61,Mcknight Inc,George Ortiz,harrisjessica@adams.net,547.344.4006x81025,Dustinberg,USA
62,"Hester, Kent and Hill",Whitney Huff,okeith@wiley-robinson.org,001-676-737-7256,East Justinborough,USA
63,Mclaughlin-Gordon,Lisa Cooper,solispatrick@johnston.net,001-735-235-7101,West Dennisville,USA
64,King PLC,Kurt Mcintosh,susanrobinson@robinson.org,001-532-550-3668x302,Jennifertown,USA
65,Moore-Castro,Daniel Jones,scottmiller@gray.com,(439)665-9160x9063,New Marytown,USA
66,Compton Group,Ralph Whitney,sloantiffany@morgan.com,922.308.0039,West Lawrencefurt,USA
67,"Campbell, West and Woodard",Wendy Chambers,kendraknapp@martinez.com,+1-432-468-5741,Johntown,USA
68,Moreno-Blair,Lynn Garrison,rbooth@henderson-carlson.com,+1-758-793-2478x380,Fitzpatrickside,USA
69,Keith LLC,Craig Hamilton,karen75@hernandez-smith.com,(875)221-2544x771,West Fernando,USA
70,"Young, Adams and Austin",Steven Schmidt,kimberlywaters@ramirez.com,506-856-3018,Waltonport,USA
71,Johnson-Johnson,Kristen Thomas,zsweeney@johnson.com,+1-928-639-7223x3201,New Amandabury,USA
72,"Lane, Williams and Brock",Tina Pearson,kathleen06@hurst.com,(391)522-5861x1593,Jessicamouth,USA
73,Warner PLC,Gregory Reeves,matthew91@smith.org,(275)364-8691x20338,North Lisa,USA
74,King-Le,Joshua Harrison,piercelaura@williams-hoffman.com,(731)652-6500,Jamesmouth,USA
75,Daniels Group,Paula Montgomery,tdawson@willis.net,9123180357,Lake Kennethview,USA
76,Serrano-Gomez,Brandy Jordan,janet03@mckinney-rice.com,751.424.5879,Davidstad,USA
77,Garcia Ltd,Ashley Compton,james16@willis.org,001-909-842-5977x75908,Petersontown,USA
78,Lara Ltd,Rachel King,elam@jacobson.net,5224565171,Amandatown,USA
79,Russell PLC,Brooke Patel,michael71@kelly-pierce.biz,720-374-1204,East Richard,USA
80,Kline-James,Kristy Stephens,lisa10@sanders-jones.com,425.661.0792x835,East Glenn,USA
81,"Smith, Rodriguez and Jennings",James Gallagher,nataliemartin@perez-huff.org,472-729-7626x608,East Samuelmouth,USA
82,Scott PLC,Dr. Kimberly Davis MD,alan81@mathews.com,649-218-2074x46455,Christopherside,USA
83,Diaz PLC,Elizabeth Salazar,amyfuller@gardner-friedman.info,+1-667-994-3221,Joseville,USA
84,Peters Inc,David Rose,jonathan43@ramirez.info,786.519.5666,West Rebeccabury,USA
85,Jones-Turner,Brian Richardson,nathaniel76@thomas.com,756.264.7599x80735,New Christopherview,USA
86,Martin Inc,Karl Church,icampos@hardin.com,+1-408-204-6093,Stewartmouth,USA
87,Boone-Erickson,Johnny Estrada,acampbell@larson-lewis.biz,+1-425-880-9168x1448,Russellview,USA
88,"Smith, Leonard and Garcia",Brittany Jackson,hickmanrobert@harper.com,845.561.2709x062,Andrewmouth,USA
89,"Moran, Osborne and Skinner",Angela Morris,elijah37@garcia.com,(718)908-0624x76673,Lake Christine,USA
90,Edwards-Jordan,Colleen Johnson,astafford@holmes.com,+1-278-492-9807x647,Rodriguezshire,USA
91,"Friedman, Pruitt and Herman",Kelly Bishop,daniel40@davis.com,(338)912-8156,East Franklin,USA
92,"Pugh, Evans and Banks",Bryan Wilson,johnsoncourtney@soto.com,001-254-577-0251x0852,West Josechester,USA
93,Davenport and Sons,Virginia Hudson,williamcarter@lewis.net,8658782018,Hannahmouth,USA
94,Phillips and Sons,Deanna York,brandon12@roberson-franklin.biz,7319219520,Jessetown,USA
95,Pacheco Ltd,Sydney Henson,douglastaylor@bradshaw.biz,3412582975,Tamaraport,USA
96,Garner LLC,Gina Brooks,montgomerypaul@dennis.com,001-586-668-2360,North Christytown,USA
97,Snyder-Spencer,Kathryn Baker,millereric@ramirez.com,(428)476-5000,South Aaron,USA
98,"Moyer, Taylor and Hughes",Brandon Torres,kylefrazier@skinner.info,464-436-7554x427,South Timothyberg,USA
99,"Navarro, Cooper and Zavala",Billy Gardner,haynesjennifer@bishop-ford.com,+1-933-505-2794x9469,New Reginaton,USA
100,Williams-Nelson,Kim Moore,carsonsteven@smith.com,239-546-7894x137,Paulland,USA
101,Johnson Inc,Juan Singleton,xmcfarland@perez.biz,(653)256-3583x75466,Port Christineside,USA
102,"Walter, Armstrong and Patterson",Kimberly Adams,dennispaul@hampton.com,+1-386-405-0238,Scottville,USA
103,"Parker, Bennett and French",Denise Shannon,jerry76@brown.com,5273302533,New Patrickburgh,USA
104,Cuevas-Riggs,Courtney West,blairthomas@olsen.com,001-328-223-6480x36494,Buckleyberg,USA
105,"Freeman, Sparks and Parker",Katrina Jackson,troach@thomas.org,(293)918-0268x6161,New Mary,USA
106,Howe-Proctor,Kimberly Hernandez,kweber@anderson.org,001-378-718-3905x92831,Phillipbury,USA
107,Spears-Brown,Alison Powers,michaelmckinney@patel.com,(855)908-2224x92881,East Kathy,USA
108,Brown-Walker,Christopher Anderson,dylanabbott@glover-thomas.com,(209)686-6800,Jacksonton,USA
109,Zamora-Hughes,Troy Jones,brian94@tran.com,2786100210,New David,USA
110,Miller-Boone,Jennifer Ortiz,sle@moran-gordon.info,(784)449-9043x903,South Michael,USA
111,Garrett and Sons,Dana Martin,cwatson@hernandez-kelley.com,+1-311-294-7321x1677,West Adrian,USA
112,"Holloway, Davila and Henry",Shelby Smith,gina55@love.info,336.329.9100,South Theresa,USA
113,Hinton Inc,Christina Larson,yanggloria@david.com,734.676.8223,North Tyler,USA
114,Owens-Roberts,Judy Marshall,smithjessica@morgan-scott.com,380.825.2992,West Isaiahtown,USA
115,Santos-Dixon,Henry Yates,charlespreston@torres-garcia.com,352.347.1603x9969,East Christina,USA
116,Anderson-Malone,Melissa Nguyen,hendersonsteven@wise.org,2468730228,Makaylahaven,USA
117,"Huang, Franklin and Gordon",Elizabeth Stevens,reevesdeanna@jackson.com,+1-699-437-7556x6051,Stevensonfort,USA
118,"Rice, Anderson and Medina",Lisa Rojas,whitekimberly@gomez.com,595-925-0584x4286,East Michael,USA
119,Andrews-Mills,Patrick Carpenter,myerswilliam@crawford.com,(298)886-6171x89545,Thomasport,USA
120,Conley PLC,William Ritter,romerojohnathan@trujillo-miller.com,001-241-981-4107x5429,Port Nathanieltown,USA
121,"Salinas, Moore and Watson",Frank Ramirez,lhamilton@stout.com,+1-752-683-1278x24265,Scotthaven,USA
122,Beck Ltd,Robin Ray,bryanhahn@vargas.com,933-939-7301x54602,Robertport,USA
123,Price-Caldwell,Marcus Murphy,nicole11@preston-walker.com,880.725.0832x1977,Franklinberg,USA
124,Wilcox-Chen,Christina Gonzalez,michael11@wang.com,+1-665-698-5581x65747,West Charleston,USA
125,"Daniels, Washington and Coleman",Joshua Walker,xcarpenter@brown.com,726-271-1969,Blakeport,USA
126,Brown-Sherman,Jacob Patel,reginahester@king.com,8236422245,Port Jonathanborough,USA
127,Berger LLC,Lisa Santos,usmith@robinson.net,824.565.0344,New Stephanieland,USA
128,May-Gamble,Lindsay Mejia,timothy68@hernandez.com,001-967-734-2761x6327,Lake Anne,USA
129,"Bonilla, Scott and Wood",Ronald Johnson,paul00@humphrey-foster.com,368.376.5825x782,Lake Nathan,USA
130,Hammond-Olson,Darin Phillips,deleonwalter@lewis.com,+1-249-503-3474x8566,Hutchinsonfort,USA
131,Dunn Ltd,Dylan Doyle,kylediaz@kennedy.org,217-778-6010x3824,Hamiltonchester,USA
132,Herman-Keller,Glenn Wilson MD,kpotter@cain.net,+1-453-745-0161x87363,Lake Jeffrey,USA
133,Flynn Ltd,Margaret Miller,edwardsderek@alvarado-bishop.com,(667)701-8831,Alexborough,USA
134,Brown-Hayes,John Johnson,veronica27@taylor.com,+1-813-385-8051,Vazquezberg,USA
135,Bush-Bradley,Kathleen Bailey,kirk41@rice-smith.com,650-800-1054x79127,West Zachary,USA
136,"Taylor, Murray and Hurst",Roy Rogers,hbaker@ramos.info,866-993-5892,Nolanside,USA
137,Williams-Miller,Robert Sims,fortiz@richardson.net,375-333-5326x968,Matthewsville,USA
138,Murphy-Powell,Luis Allen,michellesimmons@flynn-robinson.com,649.755.1537,East Jessicaberg,USA
139,"Romero, Morris and Ramirez",Joshua Morrison,jessicairwin@arellano.com,679.994.2528,Lake Debbie,USA
140,Gamble-Ingram,Matthew Smith,crystal16@sawyer-goodman.com,(218)715-2079x63619,East Jenniferland,USA
141,Anderson-Cook,April Bowers,garyyates@russell-jones.com,+1-251-572-3692,North Mark,USA
142,Perez and Sons,Ashley Gallegos DDS,frobinson@anderson.com,001-450-263-7636,Katherinestad,USA
143,"Kemp, Jones and Johnson",Daniel Davis,davisjeremy@martin-fisher.com,+1-462-605-6914x8002,Lake Dennis,USA
144,Ball-Richardson,Ashley Medina,johnlee@henry-gomez.org,512.618.2382x11348,Murphychester,USA
145,Hawkins-Aguilar,John Collins,connor62@castillo.net,(820)258-5638x07516,South Sandra,USA
146,Clark-Cole,Robert Hendricks,donald49@brown.com,+1-209-799-5899,Port Carl,USA
147,Schmitt-White,Samantha Terry,deborahbyrd@burton.info,363.502.4290,Antoniomouth,USA
148,Ramirez Ltd,Samantha Miller,jerry97@clark.com,001-374-407-3524x095,Elizabethland,USA
149,Sharp-Reyes,John Johnson,kevin16@parker.biz,273.624.1487x33865,New Stevenstad,USA
150,"Anderson, Reed and Cherry",Kimberly James,jack95@stewart.com,506.521.6325x261,Danielshire,USA
151,"Michael, Chang and Washington",Caitlyn Bowen,dianehenderson@young.net,+1-500-874-6601,Schultzmouth,USA
152,"Bates, Allen and Ayers",Ryan Hanna,clinelucas@kelley.net,7942020067,New Calvinburgh,USA
153,Shields Ltd,Joseph Wilson,lynn51@williams.com,2036212906,Harmonburgh,USA
154,Peterson Group,Amy Smith,christopher33@haley.com,001-711-726-6072x5959,Jenniferfurt,USA
155,"Miller, Roberson and Navarro",Dawn Ortiz,qthompson@tate.com,001-455-935-4395x239,Johnsonmouth,USA
156,"George, Huerta and Butler",Dr. Shari White PhD,matthew61@camacho.info,2848589570,North Ashley,USA
157,Reynolds-Carter,Larry Johnson,olsonjoseph@jones.com,001-614-391-2232,Smithmouth,USA
158,"Thompson, Gibson and Hill",Linda Keller,zdaniel@sanchez.com,001-308-968-9097,Murphyhaven,USA
159,Santiago LLC,Melissa Johnson,steeleannette@madden-thomas.org,996-554-5460x95345,Alexanderchester,USA
160,Bridges-Gibson,Kathryn Stewart,michaelmanning@harrington.com,472-820-9202,Abigailhaven,USA
161,Hughes-Craig,Curtis Douglas,rose88@quinn-moreno.com,(314)677-7976x37153,South Joelburgh,USA
162,Newman PLC,Nicole Guzman,zsmith@bentley-sanders.org,203.456.9606x79336,Lake Haley,USA
163,Fitzgerald Inc,James Hamilton,kimberly52@pitts.com,(213)563-5556,North Tracy,USA
164,Powers-Diaz,Jake Doyle,contrerasjuan@washington-riley.com,6032917202,Fishertown,USA
165,Klein Group,Leslie Garcia,mary45@mahoney-adkins.info,456-968-0813,West Ambertown,USA
166,Johnson-Cherry,Alicia Brown,curtis02@young.com,640.987.2042x22944,Smithland,USA
167,"Dorsey, Sharp and Black",Erin Peters,wendywebb@gutierrez-smith.com,233-960-8467,Lake Andres,USA
168,Anderson Ltd,Jeffery Hill,emartin@diaz-wood.biz,+1-968-560-3309x53599,Lake Annashire,USA
169,Lopez Inc,Allen Cook,sbrady@williamson-boyd.org,(487)563-7834,Lake Justinton,USA
170,Webb-Hart,Daniel Riley,williamgarcia@cooper.com,(251)299-3274x2534,Lake Amanda,USA
171,Moore-Ward,Sheila Perez,scottbecky@baldwin-adams.com,208-591-5290x0362,Ryanberg,USA
172,Collins Group,Jon Aguilar,brianvega@king-long.com,001-641-246-9834x9944,South Ryanburgh,USA
173,"Fernandez, Hughes and Daniels",Jessica Chambers,nicole83@sawyer-mcgrath.biz,(818)542-4312x4645,Leeside,USA
174,Williams-Townsend,Kimberly Adams,garciamisty@hunt-green.com,911.736.1474x57874,Ryanburgh,USA
175,"Hicks, Newman and Hill",Antonio Rice,sharon24@rangel.com,(859)969-4442x76008,South Marilynhaven,USA
176,Banks Group,Jason Rodriguez,joshua64@henry.info,8287175596,Lake Jasonbury,USA
177,Rivera-Salinas,Brian Jones,michaelrhodes@frazier.com,(843)665-9829x382,Lake Williamside,USA
178,Morrison-Thompson,Michael Miller,stephaniemills@ramsey-wood.com,9765046178,Lake Michelle,USA
179,Villarreal-Miller,Catherine Moore,freemanjames@guerra-rowland.com,660-345-5159x777,Stephanietown,USA
180,Rush Inc,James Gonzalez,thompsonbrandon@poole.com,+1-734-377-0563,Josephstad,USA
181,Terrell and Sons,Vicki Wagner,rtran@mccall.com,(229)398-8765x0520,Jasonmouth,USA
182,Davis-May,Colton Cruz,mitchell81@bryant.info,215.256.9369x06627,Robertsland,USA
183,"Salas, Freeman and Bowman",Brenda Norris,sandra71@owens-cunningham.org,475.612.0743,Port Lisaton,USA
184,Nunez PLC,Cheryl Le,jason08@garrett-macdonald.net,859-595-6108x30152,Emilymouth,USA
185,Tran-Lewis,Karen Nichols,brookesnow@love-cardenas.org,818-373-6242,Ortegaland,USA
186,Hoover-Stokes,Jacob Taylor,grossjames@rocha.com,(740)732-3769,Brianhaven,USA
187,"Mcclure, Roberts and Jensen",Alexis Wilson,moralesvalerie@fletcher.com,924.247.5892,Johnstad,USA
188,"Martinez, Price and White",Austin Lane,salinasdavid@huber.net,(472)654-1262x348,Sabrinachester,USA
189,"Green, Brooks and Wang",Brittany Wilson,qduran@keller-jenkins.com,001-775-632-8203,Donaldville,USA
190,Bradley Ltd,Cody Edwards,ariascheryl@wilson-kim.com,(768)460-5614,Jessicaport,USA
191,Sims-Frederick,Angela Davis,farrellcarl@molina-butler.com,001-901-830-8135x58993,New Kylebury,USA
192,Smith-Olsen,Matthew Wagner,travisdiana@ramirez.com,863-443-2601x570,Port Angela,USA
193,Horne-Cortez,Robert Brown,stevenpatton@cannon.org,001-663-604-9934x27559,New Heidiberg,USA
194,Jackson-Carroll,Richard Zimmerman,timothy56@tate-mendez.org,(502)530-2669x331,Collinsfort,USA
195,Green-Jones,Corey Rush,ymills@aguilar-chen.com,001-836-636-9059x4100,Kevinport,USA
196,Tate-Garcia,Dylan Dominguez,nicholas08@haney-bradford.com,935-549-1064,Lake Vincentport,USA
197,Mason-Brown,Robin Harris,gatescassandra@johnson-sutton.net,255-645-2366,New Monica,USA
198,"Anderson, Romero and Owens",Rachel Williams,heathercastro@white-singh.com,231-985-1728,South Dakota,USA
199,"Lewis, Garcia and Williams",Alexander Sweeney,jacksonmartin@castillo-olson.com,+1-584-741-0115x96864,Marshallside,USA
200,Fowler-Cook,Jonathan Wilson,kingdevin@erickson.net,491.338.1295,Port Michaelberg,USA
201,Diaz-Paul,Michael Day,mark91@wright.com,(486)668-5329x3297,Bretthaven,USA
202,"Blankenship, Ward and Powell",Autumn Morrison,osims@moss-kelly.com,(672)409-5712,South Lauren,USA
203,Allen Ltd,Alexander Williams,daniel32@brown.info,+1-290-576-1605x77574,Lake Taylor,USA
204,"Arroyo, Robinson and Ward",Casey Carroll,annettesullivan@miller.net,001-711-253-1978x256,Mezamouth,USA
205,Richards Ltd,Fernando Howe,kimberly25@medina.biz,(306)880-6107x632,West Johnnyshire,USA
206,Thornton-Beard,Brian Keller,bergerjennifer@harper.com,792.245.2782,Heatherview,USA
207,Reyes-Walker,Evelyn Andrews,miawarner@walker-campos.com,584-408-5033,Anatown,USA
208,Lopez-Lara,Sarah Martinez,zashley@wright.info,346-894-6257x38948,Lake Kayla,USA
209,"Perkins, Baird and Martin",Debra Quinn,ble@skinner-smith.biz,001-688-851-5738x51601,Lake Williamview,USA
210,"Leblanc, Cain and Washington",Heather Vargas,tchapman@estrada-henderson.com,(299)209-5931,Andersonburgh,USA
211,Robinson Inc,Debra Harvey,ronaldgraham@yates-williams.com,(506)925-8149x717,Laurietown,USA
212,Parker LLC,Jason Brown,zclarke@faulkner.org,+1-267-741-5406x87271,Craigfurt,USA
213,"Smith, Bullock and Gonzalez",Kirsten Jackson,wherrera@peterson.com,+1-359-272-2312x05453,Port Christopherburgh,USA
214,Bennett-Nguyen,Sonia Turner,kristiephillips@alvarado.org,(214)787-8609,Aliciamouth,USA
215,"Owens, Larsen and Jordan",Joel Salinas MD,griffinjon@porter.com,652.319.1140x431,Port Regina,USA
216,Elliott Group,Collin Higgins,lindseydaugherty@ross.org,(932)688-0335,Adkinsstad,USA
217,"Price, Kane and Phillips",Megan Day,joshua02@trujillo.com,936-243-8732x0335,Brownborough,USA
218,Cole Group,Tiffany Beard,gregoryhowell@mcgee.com,577-866-4948,Thompsonberg,USA
219,Williams PLC,Christopher Taylor,laurastrong@wilson.com,(369)452-8155x271,Cabreraville,USA
220,Simmons-Moore,Mallory Shannon,michelealvarez@duncan-spencer.biz,+1-487-509-8976x1674,North Alisonview,USA
221,Nelson-Phillips,Gary Spence DDS,christopherlee@frye.org,872.856.8131,Howardfurt,USA
222,"Doyle, Young and Stevens",Mary Grant,barneswilliam@smith.net,(722)722-1960x917,Kristenport,USA
223,Oliver Ltd,Matthew Fernandez,udavies@chapman.com,001-426-988-9673,West Margaret,USA
224,"Orozco, Nash and Estes",Lucas Cline,barbara56@allen.com,001-705-834-2670,Baileyfort,USA
225,Williams and Sons,Patricia Shaffer,chanbarbara@pham.org,001-496-527-2183x7263,Erikton,USA
226,Allen PLC,Carly Thompson,jmedina@smith-green.com,(605)540-7338,Allisontown,USA
227,Strickland Group,Joseph Jackson,billy32@page.com,488-316-0079,New Williamstad,USA
228,Wilson-Hernandez,Mrs. Maria Oneal,mpeck@mckay-gray.org,6545750044,New Christopher,USA
229,Washington Group,Michael Fletcher,jmartinez@barrett.com,001-551-360-1719x523,Lake Tammy,USA
230,Patel-Smith,Lauren Taylor,kelly06@brown-anderson.org,(926)351-8884,Andersonhaven,USA
231,Pittman-Callahan,Cole Edwards,mollydavis@bowman-melendez.biz,+1-399-348-2472x440,Traciton,USA
232,"Ashley, Mcbride and Acosta",Rachel Kelley PhD,jamesfowler@miller-velasquez.biz,390-440-4402x987,West Ashleyborough,USA
233,"Winters, Bryant and Harris",Daniel Smith,john25@franklin-rice.com,7797712718,North Marco,USA
234,Miller-Bishop,Christian Smith,cruzdouglas@luna.biz,985.684.5974x198,Ortizfort,USA
235,"Brown, Diaz and Norris",Jose Davis,wrightjaime@nguyen.org,(702)555-7338,Lake Stephen,USA
236,Harris Inc,Austin Moore,bradley60@mitchell-meadows.com,+1-290-298-6778x2425,Jimenezmouth,USA
237,Hall-Thompson,Mark Turner,laura74@carr.biz,351-777-0615,Shanemouth,USA
238,Flores-Cooke,Andre Navarro,christianpotter@ruiz.biz,(713)450-2493x4980,Bowenport,USA
239,Brown Group,Timothy Lee,derek23@diaz.com,(541)572-0163x41764,South Nathan,USA
240,Kim-Dixon,Christopher Gilmore,rramos@snyder.net,+1-450-978-1289,South Randyville,USA
241,"Murphy, Brown and Garrett",Michael Smith,kristinamiller@hendrix.com,001-592-849-0729x82524,Hillshire,USA
242,"Mullins, Quinn and Davis",Debra Diaz,joseross@henderson-chung.com,408-284-8407,Christinaland,USA
243,Stout-Roberts,Laura Greene,ihernandez@gardner.com,601.735.9164,Port Henry,USA
244,"Brown, May and Yu",Robin Becker,tcrosby@blair.com,996.340.0450x85253,Michaelside,USA
245,Rogers-Robinson,Matthew Stanton,paul79@hays-james.com,001-622-860-6425x8232,Powellchester,USA
246,Hutchinson-Walker,Bryan Ali,finleylydia@gonzalez-montoya.net,001-269-315-3785,Port Christopherport,USA
247,"Ortiz, Morgan and Carney",Dana English,thompsonamber@howard-watson.com,001-970-859-1160x51470,South Donald,USA
248,May-Moore,Sarah Mcbride,smithryan@blanchard-jackson.com,001-765-371-8268x8639,Ryanmouth,USA
249,Rodriguez and Sons,Cheryl Brown,sabrina23@meadows.biz,001-895-288-7943,Pageland,USA
250,Garcia-Dunn,Danielle Barry,tlewis@gilbert.biz,922.337.3279x97696,Michaelmouth,USA
251,"Vasquez, Smith and Franklin",Mrs. Tracey Schmidt,wcarter@willis-sullivan.biz,+1-374-459-9874x931,Ericmouth,USA
252,Higgins-Brown,Kristina Snyder,leahpowell@guerrero-hartman.com,001-339-965-4975x792,Johnhaven,USA
253,Simpson-Lam,Edward Hill,andrea62@arnold-williams.net,+1-812-304-1443x996,Lake Shawn,USA
254,Garcia-Phillips,Mariah Carter,jonesemily@smith.org,(285)734-7908x9109,Robertoberg,USA
255,Pierce Ltd,Joe Leach,karencastillo@williams.com,511-448-1614x83057,Lake Janeland,USA
256,Barron LLC,Kathleen Mcknight,sgarcia@bennett-jackson.biz,449-753-7745x3253,Nathantown,USA
257,Clark and Sons,Gary Higgins,shellycastaneda@jones.biz,+1-812-611-3411x0485,Bradfordbury,USA
258,Jackson-Rodriguez,Nicole Peterson,johnfrazier@davis.com,507-433-0533x284,Port Raymond,USA
259,Burns Group,Christine Hicks,holtkimberly@maddox.com,295-640-9906x7341,Villamouth,USA
260,"Payne, Anderson and Nguyen",Jesse Tyler,gdean@moore-hess.com,722.605.8519x11391,Youngton,USA
261,Rush-Richardson,Matthew Gomez,zhoward@palmer-bell.com,(605)918-8314,New Sean,USA
262,Adams Ltd,Brandon Walker,alishacrawford@cook.com,(943)886-4234x4221,West Eugene,USA
263,"Stevens, Norris and Thomas",Michaela Black,melissarivers@zimmerman.org,6197733187,North Timothy,USA
264,Hernandez-Perry,Caleb Parrish,mayerkristen@williams.com,(837)476-2084x03448,West Carolstad,USA
265,"Spencer, Weaver and Becker",John Whitehead,obowman@floyd.org,(625)330-9683,South Annette,USA
266,"Jensen, Jackson and Sanders",Jamie Mcknight,qthomas@morton.net,506-708-8154x229,New Michellefurt,USA
267,Jones-Fuller,Maurice Hill,ysuarez@combs.com,(315)903-5670x76001,New Robert,USA
268,White-Harris,Peter Trujillo,tsanchez@lynch-barry.com,(659)258-1594x06863,Lake Justinfurt,USA
269,Mills Inc,Stacy Lucero,fieldslisa@hopkins.com,388-519-4483x88812,Amandaport,USA
270,Ellis Inc,Tony Phillips,justin53@ferguson.com,362-218-1846x252,Elliotthaven,USA
271,Gutierrez Inc,Katherine Williams,lwhitehead@martinez-blake.com,+1-647-587-3713,Lake Jenniferview,USA
272,"Ford, Rodriguez and Hutchinson",Denise Watts,ahood@harrison-robles.com,001-919-722-5732x452,Lake Ashleyfort,USA
273,"Robles, Porter and Shepherd",Kimberly Ortiz,nallen@bruce.com,(898)896-5322,Brandyland,USA
274,Cook PLC,Francisco Richmond,garciamelanie@gonzales.net,001-259-369-2670x7709,Markberg,USA
275,Vasquez Group,Mrs. Joanna Bell MD,harrisonkaren@bell-lynn.com,424.771.4129,Lake Davidtown,USA
276,Reynolds-Jensen,Robin Pena,kathy26@morris.net,990.556.6484x9886,Lake Robertberg,USA
277,Carr-Ortega,Jose Stephens,fischernicholas@simmons.com,(324)522-0287x70825,Fletchershire,USA
278,Martin PLC,Larry Snyder,owenmeredith@myers.info,917-792-9839x843,Lake Jasonmouth,USA
279,Ford Ltd,Jessica Porter,williamrice@macias.biz,+1-503-364-1247x091,Nortonmouth,USA
280,Quinn LLC,Bryan Allen,david22@fischer.com,001-775-921-3097,Bryanthaven,USA
281,Sanford-Gordon,Marc Jordan,alexandrajohnson@smith-velez.com,782.479.1629x333,Lake Donaldmouth,USA
282,Martinez LLC,Jean Bennett,edwardsrichard@brown.info,9609663858,Walterview,USA
283,Wright Group,Angela Rowe,henry82@ross.com,352.668.0155,West Marychester,USA
284,Rogers Inc,Sean Simpson,daniel47@wilson-mckinney.org,632.488.9581,New Brittany,USA
285,Jensen-Hale,Amanda Carson,cassandra27@wilson.info,(253)464-5143x7891,Port Jill,USA
286,"Diaz, Clark and Murphy",Joel Rios,holly68@chandler.com,+1-939-833-6773x7281,North Deborahbury,USA
287,Ward LLC,Melissa Cooper,sherry45@leach.com,(461)325-8924,Johnsonland,USA
288,"Walters, Jacobs and Harris",Christina Armstrong,alexander66@rice.com,673-246-6023,Gomezborough,USA
289,Thomas Group,Bruce Bender,millsmelissa@cooper.net,(234)385-7431x816,Rodriguezton,USA
290,Gonzales Group,Kelly Collins,sherryperez@williams.com,+1-439-756-0395x029,South Joseph,USA
291,Harris Ltd,Julie Bautista,julie88@marks.net,+1-759-268-3041,Romanville,USA
292,Hernandez LLC,Mr. Ralph Flynn,heather19@cortez.com,(483)933-8369x108,New Sheryl,USA
293,Martin LLC,Jeremy Fuentes,vwilliams@miller-walters.com,(525)461-4625,Port Conniebury,USA
294,Riddle-Barnes,Randall Phillips,michelle51@daniel-hill.info,001-271-869-3811x628,East Jimborough,USA
295,"Smith, Larson and Gardner",Mark Palmer,dhull@perez-pierce.biz,+1-241-839-4165x1948,Briannatown,USA
296,Baker LLC,Larry Adams,allenkevin@walker.com,3974297195,West Travis,USA
297,Wilson Ltd,David Nolan,cmoore@west-kramer.com,916.739.6143,Emilyfurt,USA
298,"Brooks, Beard and Pierce",Michael Green,owhite@richardson.com,779.674.7608x97747,Weberbury,USA
299,Compton-Cohen,Thomas White,ywhitney@moss.com,665.853.7274x09060,Alisonstad,USA
300,"Munoz, Harrington and Munoz",Tracy Mckenzie,gomezjustin@ford.net,456-486-2554x169,South Oliviatown,USA
301,Harris-Jones,Michelle Robinson,fosterkimberly@brown-ball.net,+1-470-430-4078,Rachelbury,USA
302,Gardner-Hogan,Jeremy Cross,youngkathryn@holland.com,679.348.8659,Riveraview,USA
303,"Watkins, Davidson and Hubbard",Julie Pratt,turnercraig@warren-duran.biz,+1-789-774-6818,Collinsland,USA
304,"Miles, Cooper and Bell",Keith Bradley,rachelturner@willis.com,(420)427-5524x311,Trujilloborough,USA
305,Whitaker Group,Jeffrey Morales,robertwright@reyes.org,(969)302-5069,Byrdberg,USA
306,Baxter-Smith,Julie Randolph,meagangutierrez@clark.net,(890)690-2813,North Theresaborough,USA
307,"Fields, Higgins and Foster",William Benson,fholmes@nichols.biz,490.965.1766x78598,Wellston,USA
308,Robertson-Sanders,Grant Carter,ruizkatrina@wilkerson.org,989-946-7056x908,East Christy,USA
309,Lee and Sons,Cynthia Decker,ithomas@clark.info,(803)998-8512,Port John,USA
310,"Miller, Rose and Rivers",Micheal Henry,billy33@lawson-estrada.net,(575)786-9588x152,Brittanyburgh,USA
311,Garcia Ltd,Jessica Travis,kellylozano@watson.com,221.268.7643x1559,Port Rubenville,USA
312,Robinson-Christensen,Victor Phelps,iross@gallegos-conway.com,(702)214-0775,Port Richardfurt,USA
313,"Lee, Eaton and Taylor",Jeffery Morse,jjohnson@long.info,(865)325-6626x54715,Alvarezland,USA
314,Hansen-Roberson,Eric Burke,btaylor@webster.biz,+1-501-520-5888x51856,Chelseafort,USA
315,Butler Inc,Jonathan King,xboyd@sullivan.com,(765)671-7711,Kevinfurt,USA
316,"Kent, Gibson and Maldonado",Bradley Johnson,yrollins@harper.com,(886)383-5722,North William,USA
317,"Meza, Grant and Mckenzie",Steven Cooper,lingregory@schneider-bennett.org,4282050406,Tracyport,USA
318,Miller-Crawford,Christine Hernandez,ymcgee@pace-mosley.biz,595.287.0326x03661,New Hollyport,USA
319,"Johnson, Riggs and Johnson",Kendra Graves,burkejoseph@porter-miles.info,2645043184,Lake Michael,USA
320,Lee and Sons,Cheryl Mejia,tjohnson@miller.biz,796-239-7915,Mccarthyhaven,USA
321,Harris-Miller,Linda Richards,thomas30@long.biz,(830)429-6491x569,Porterchester,USA
322,Schultz-English,Sarah Livingston,kochmarco@diaz-hanson.info,903.885.8055,Amandachester,USA
323,Mayo-Jones,Kent Miller,sarah35@small.com,(664)258-8744,North Jocelyn,USA
324,Castillo PLC,Patricia Delacruz,xford@johns-becker.info,(597)958-9595x0121,West Kelseyburgh,USA
325,"Henderson, Hunter and Waters",James Martinez,ellen61@lynch-clarke.com,(807)283-4089,North Jamesland,USA
326,Cordova LLC,Jeffrey Bell,bwalker@barber.info,(744)564-5447x82650,Ralphchester,USA
327,Berry and Sons,Amanda Hendricks,mooreadriana@quinn.com,001-893-821-2984x89755,Port Stephanie,USA
328,Johnston-Campbell,Joanna Coleman,brian99@rodriguez.com,001-715-782-0036x718,Jennifertown,USA
329,Williams PLC,Mrs. Andrea Ali,terrence90@booker-larson.com,600-212-6803,Ronnieburgh,USA
330,Jones-Oconnor,Zachary Kirk,smithderek@douglas.com,001-638-644-6737x63149,Johnport,USA
331,"Rosales, Bright and Hicks",Eric Welch,dominique68@johnson-gray.com,766-271-3549,Nicholefort,USA
332,"Young, Cooper and Lawrence",Timothy Underwood,william60@clay.com,681-429-1286,South Jessicaberg,USA
333,"Bailey, Barton and Johnson",Kimberly Calderon,katherinepearson@kramer.com,551.589.8970x79971,Lake Mary,USA
334,Massey-Hall,James Brown,dawn29@jones.org,225.273.7466x18221,Lake Danielside,USA
335,"Pearson, Daugherty and Sanchez",Robert Wood,chelsea06@haney.info,(847)808-1861x65577,Lake Jasonfort,USA
336,Hicks PLC,Heidi Patterson,osparks@gentry-mitchell.com,001-217-366-1915,Howardborough,USA
337,Roberts PLC,Craig Bailey,william45@miller.org,392.577.1449x598,Stephaniefurt,USA
338,"Garner, Jones and Mason",Joel Greene,elizabeth66@fisher.com,707-228-4558,Morrisstad,USA
339,"Sampson, Woodard and Estrada",Mary Lee,miguel61@baker-mosley.com,366-909-0797x963,Wandaside,USA
340,Lane LLC,Andrew Jackson,janetlong@flores.com,5253967324,Prestonborough,USA
341,Banks-White,Angel Maldonado,karen18@harrington-spencer.com,819-579-4689x45468,West Carolineport,USA
342,Turner-Ramirez,Thomas Wade,scott47@williams.com,204.303.4187x1892,Lake Joannafurt,USA
343,Young Group,Tanner Nelson,ylyons@gross-lara.com,+1-864-522-9882x027,North Wandastad,USA
344,Riley PLC,Tiffany Hensley,kimberlysaunders@delacruz-hester.org,+1-835-480-1387x003,Wallaceview,USA
345,Thomas LLC,Christy Watson,dawn90@wagner.com,287-679-8914x17843,Heathermouth,USA
346,Moore Group,Amanda Watkins,townsendteresa@davis.com,980-655-4206x8843,Shannontown,USA
347,Johnson Ltd,Raymond Hester,richardbrown@warren.net,593.569.7431x19418,Brianside,USA
348,Henry-Jordan,Mary Johnson,cgreene@thompson-gross.com,001-368-775-3572x09383,Kurtport,USA
349,"Woods, Rios and Coleman",Holly Parker,tanderson@keller-dunn.net,7335033611,North Carrie,USA
350,"Roberts, Taylor and Ali",Kristy Fischer,bennettdaniel@nelson.com,691.658.2944x53459,Halltown,USA
351,Hall Inc,Megan Adams,lesliemiles@patterson.com,504-637-4333x16239,West Megan,USA
352,Roy PLC,Amy Richardson,johnny31@fields.info,5398865025,Lake Phillip,USA
353,Foster-Thompson,William Smith,kclark@shepherd.com,(841)761-4271x223,Hernandezfurt,USA
354,Hughes Group,Alan Johnson,brendastone@wade.biz,+1-895-948-0602,Port Gordon,USA
355,"Reyes, Mckenzie and Jordan",Robert Lee,jonestroy@ramirez-lee.com,(497)291-9361x0551,Port Saraborough,USA
356,Baldwin LLC,Frank Graham,john60@hamilton.com,+1-631-825-5929x650,Wesleyfort,USA
357,"Mckay, Little and Hicks",Aaron Avery,olivia63@hays.com,001-866-431-7583x7671,Grantview,USA
358,Brown-Hampton,Amanda Hughes,barbara16@williams-davis.org,+1-665-820-6599x49538,Walkerbury,USA
359,"Holder, Young and Ochoa",Christopher Jackson,ayalamichelle@smith.info,001-891-383-3673x458,Williammouth,USA
360,"Johnson, Torres and Clark",Bradley Davis,david12@roberts.org,001-341-342-6393x226,Brooksport,USA
361,"Reid, Anderson and Watkins",Donna Boone,katelynfreeman@walker.com,+1-363-377-8665x2749,Thompsonchester,USA
362,Frazier Inc,David Pena,xshelton@howard.com,869-310-4562x346,Evanstown,USA
363,Foster LLC,Melissa Castillo,mooreelizabeth@hampton.com,(214)693-2039,Thompsonton,USA
364,Hill-Jennings,Mario Jackson,wrodriguez@smith.org,001-440-751-5544x337,Katherineberg,USA
365,Hanson-Flores,Lisa Miller,swright@jacobson.com,296-791-1785x8601,Andrewland,USA
366,Wilson Inc,William Brewer,vavila@hess.com,+1-546-305-0921x1396,New Nicholas,USA
367,Mills PLC,Robert Medina,masonandrea@robles.com,225.560.8533,Aprilmouth,USA
368,Welch-Bell,Karen Anderson,youngnicholas@curtis-smith.com,637.727.0183,Smithview,USA
369,Obrien PLC,Bernard Bishop,dwalker@green.info,5059274029,Leeside,USA
370,"Davis, Kennedy and Carroll",Albert Johnson,gwong@clark.biz,(443)639-2337x20714,Thompsonmouth,USA
371,"Cook, Gill and Walker",Randall Wilson,roberthernandez@thomas.com,532.789.9527,Gardnerside,USA
372,Coleman-Wade,Andrew Hughes,jenniferjohnson@graham.net,001-983-741-6442x547,Jonathanburgh,USA
373,"Lopez, Herman and Gardner",Jeremy Knox,jennifer04@thompson.biz,5349109335,West Robin,USA
374,Douglas PLC,Christopher Morales,yatesemma@oneill.com,928.445.3826x2874,Lunaview,USA
375,Hernandez Group,Kenneth Wallace,esingleton@davis-fox.com,9827199755,Stephaniefurt,USA
376,"Martin, Carroll and Lane",David Johnson,migueldaniels@nguyen-mora.com,+1-551-226-2959x904,Traviston,USA
377,Garcia and Sons,Adam Smith,williamsannette@mckee-snyder.net,001-856-734-3743x928,North Jodiland,USA
378,Clark-Mckee,Anthony Coffey,travisdillon@brown-curtis.biz,570-205-3362,Woodwardberg,USA
379,Miller-Thomas,Theresa Flores,lisagutierrez@schroeder.com,001-782-928-4294,Boltonfort,USA
380,Stephens Inc,Kristen Pacheco,qtaylor@daniels.com,571.262.1780,Port Jenniferfurt,USA
381,Wolf-Shaw,Christine Harris,pnolan@campbell-gonzales.org,(411)546-5047,North Angela,USA
382,"Gilbert, Gray and Sanchez",Douglas Lopez,xoneill@thompson.com,001-798-960-5269x83369,East Blakemouth,USA
383,Hartman Ltd,Charles Miller,jackievega@stone.com,859-772-5831x02012,Hernandezburgh,USA
384,Mcbride-Walsh,Lori Russell,davistanner@ruiz-bowman.com,(517)790-5914,Lake Kimberly,USA
385,"Jimenez, Romero and Allen",Alan Anderson,hendersonjeremy@watson.com,859.873.8913x03488,West Tylerview,USA
386,"Foster, Nguyen and Cherry",Paul Garcia,brandy02@berry.com,001-262-813-9214x241,Pearsonton,USA
387,Mann Ltd,James Long,ann80@warren.com,001-760-901-6332x392,West Michael,USA
388,Moore-Castillo,Jeffrey Russo,jennifer67@hutchinson.com,+1-436-951-1697x26859,Johnmouth,USA
389,Murray-Mitchell,Stephen Santos,dylan73@gonzalez.com,(574)663-3569,New Teresamouth,USA
390,"Day, White and Wilkinson",Richard Branch,thomas35@cook-lopez.com,(907)634-8965,Williamsbury,USA
391,Sherman and Sons,Kevin Jones,juliefaulkner@castillo.com,(779)516-1116,Prattmouth,USA
392,Ortiz Group,John Underwood,michellemurray@wilson-johnston.info,975.259.3792x0455,North Michaelbury,USA
393,Allen-Davila,Justin Garza,cole10@burton.biz,469.586.2270x089,Riceborough,USA
394,Calderon Group,Robert Miller,hmiller@kennedy.com,+1-307-317-8713x6665,Patriciaview,USA
395,Gutierrez LLC,Amy Mcclure,nnielsen@edwards.org,(827)469-0966x7451,West Mark,USA
396,"Osborn, White and Brown",Christopher Smith DVM,ywilliams@johnson-carter.com,+1-935-538-4192,Keithland,USA
397,"Lane, White and Ward",Dr. Laurie Rice,mwatson@owen-nguyen.info,(404)803-4237,New Joshua,USA
398,"Hines, Woodard and Barnes",Mariah Delgado,lvasquez@castaneda-adkins.info,001-331-934-2853x539,West Joshua,USA
399,"Wang, Rodriguez and Aguirre",Dr. Victoria Newman,matthew35@paul.net,001-268-412-6507x537,Batesville,USA
400,"Freeman, Smith and Jones",Amanda Farrell,brandon00@bowers.com,901.441.8337,Jenningschester,USA
401,Bowman Group,Matthew Kemp,ashleychavez@gates.com,+1-597-576-3800x03096,Chelsealand,USA
402,Young Ltd,Joshua Mitchell,sharpdanielle@bradley.com,001-255-515-3823x347,Lake Richard,USA
403,Steele PLC,Donald Savage,tina80@chavez-diaz.org,001-584-384-8075x0172,Louisview,USA
404,Clark-Weber,Paula Henderson,mary30@fernandez-sullivan.com,(798)726-6946x8346,Morenomouth,USA
405,Riley Inc,Stacey Mercer,fellis@fernandez.com,582.298.5036,Lake Patrick,USA
406,Nguyen-Pruitt,Jeanette Bradshaw,patriciapark@kelly.net,9379944948,Stephanieburgh,USA
407,Marshall Inc,Nathaniel Smith,brownkelly@sutton-hughes.com,8239358593,Port Cheryl,USA
408,"Williams, Anderson and Chase",Mrs. Sheryl Edwards,shawn13@miller.biz,893.899.7041x84666,Collinston,USA
409,Smith Ltd,Angelica Peters,thompsonjames@ford.net,670.597.7510x82839,New Williamhaven,USA
410,Williams-Wang,Thomas Odonnell,matthewrogers@snyder.info,542.500.3836,Wangstad,USA
411,Watson Group,Stephanie Bray,benjaminstone@jefferson-rivera.biz,3357336044,South Scottton,USA
412,Morales LLC,Alexis Gonzalez,thomas26@thompson.info,252-469-6264x42506,Sharonton,USA
413,Nunez-Pena,Sheila Pennington,ericbrown@aguirre-cannon.com,832-764-0543,East Melissa,USA
414,"Marshall, Myers and Wolfe",Monique Mcgee,ashleyvelasquez@davis.com,001-282-735-5812x26551,West Elizabeth,USA
415,Quinn LLC,Richard Mitchell,ramirezrebecca@woods.org,879-207-9600x545,South Victoriaburgh,USA
416,"Herrera, Casey and Alvarez",Tyler Lewis,bryanfuller@martin.com,558-954-5021x5867,New Kennethville,USA
417,Molina-Parker,Diane Reid,barneslisa@gardner.com,001-200-880-1522x3441,Samanthatown,USA
418,"Brown, Young and Anthony",Bradley Smith,pamela87@sparks-johnson.com,+1-699-428-0655,New Mark,USA
419,Moore-Stevens,Sharon Day,scott93@prince.com,893.443.2702x3088,West Christina,USA
420,Lopez PLC,Angela Martinez,robertramirez@vasquez.com,001-558-833-9507x9500,Andrewstad,USA
421,Davis-Green,Thomas Brown,benjaminlee@adams-brown.com,001-498-568-2842x9801,South Lisa,USA
422,Woods and Sons,Stacey Morrow,jonathan15@rowe.biz,(406)324-9370x790,Derrickbury,USA
423,"Wiggins, Miller and Smith",Jonathan Reid,avilacindy@brewer-lewis.info,486-685-0266x218,Kathrynshire,USA
424,Cochran-Rowland,Sara Page,ytate@fisher-vance.com,001-988-964-5080,East Dawnmouth,USA
425,"Martinez, Hamilton and Maddox",Kenneth Washington,carloscameron@carter.com,3409590436,Kelleyton,USA
426,Carter Ltd,Lindsey Rogers,tarahernandez@miller.com,3593027489,Diazton,USA
427,Brown-Conner,Robert Beltran,gdurham@patel.com,3202377103,Carrollshire,USA
428,"Martin, Foley and Robinson",Sara Park,john89@anderson.info,694.830.7338,Lake Kellytown,USA
429,"Crawford, Brown and Snyder",Martha Baird,adamsalbert@gross.biz,942.408.2037,New Jeffreytown,USA
430,Flores and Sons,Karla Clark,hburnett@gomez-king.com,912-681-2153,South Jonathanhaven,USA
431,Cain PLC,Jeffrey Hamilton,cynthiaevans@miller.com,893-651-0727x689,New Patricia,USA
432,Lowe-Paul,Laurie Sanders,powellsarah@jensen.com,712.643.5903,Wesleyburgh,USA
433,Ramirez-Carter,Shaun Reed,jjohnson@wu.info,(470)822-7839x618,Port Jenniferview,USA
434,Williams PLC,Robert Pitts,eric10@burke-green.com,+1-220-503-6505x18008,North Jonathanfurt,USA
435,Everett and Sons,Matthew Smith,warren81@lynn.com,545.470.4778,Frederickhaven,USA
436,"Parker, Vaughan and Price",Veronica Wilkins,huffcrystal@ali-boyer.com,(300)685-8607x54452,Port Melanie,USA
437,"Mccall, Scott and Nash",Ivan Sullivan,michaelfarmer@hill-watson.biz,+1-251-704-3300x31753,Port Todd,USA
438,Ellis-Booth,Candice Buckley,adamsaaron@walker.com,001-771-466-3874x465,Alexanderberg,USA
439,Walker-Smith,Tim Garner,peterhudson@patrick.com,799-861-7194x02370,Port Jeffery,USA
440,"Odom, Levine and Turner",Donald Wallace,andrewlong@best.com,001-797-223-4164x533,Terrenceshire,USA
441,Graham-Lewis,Roger Hoffman,william27@chandler-brooks.org,(593)634-4084x2579,Port Kimfort,USA
442,Aguirre LLC,Joel Sherman,wardstephanie@green.com,380.344.4249x14396,North Jeremy,USA
443,"Nixon, Vargas and Bradley",Natalie Perez,willisalexander@medina.com,320.495.1227x09369,Lake Adam,USA
444,"Jones, Simmons and Jordan",Tim Campbell,qmorales@stevens.com,(291)334-7608x63022,Danielside,USA
445,Thompson PLC,Michael Garza,daniel08@lynch.com,+1-850-252-7180x0749,South Karenton,USA
446,Flores-Harris,Matthew Wagner,harrelljoshua@chambers.com,563.985.9055x125,Port James,USA
447,Brooks-Collins,Amanda Thomas,greenesandra@dunn.com,+1-294-904-7341x430,Port Anne,USA
448,"Doyle, Chase and King",Ashley Hill,walterslynn@mcdonald.info,942.394.2144,South Donnahaven,USA
449,Turner-Zavala,Rita Ramos,wkemp@kline.com,9776815648,Port Nancy,USA
450,"Thompson, Holloway and Johnson",Shannon Ellison,keith17@wright.com,539-567-3213,West Jessebury,USA
451,Dickson-Rodriguez,Jaime Thomas,ncosta@gibbs.com,368-984-1488,Lake Sarah,USA
452,Brown Group,William Fuller,pjordan@garrett-bailey.com,+1-700-384-9503x5231,Seanfurt,USA
453,"Tucker, Brown and Ward",Robert Peters,oblack@robinson.com,(821)996-9328x9467,Reyesborough,USA
454,Murphy PLC,Jerry Leonard,alvaradobrad@bailey.com,598-999-8320x3528,New Tyler,USA
455,"Cruz, West and Wilson",Jessica Young,josephavery@malone.net,757-838-2016,South Haroldmouth,USA
456,Vazquez Inc,Amanda Bailey,sarah17@khan-simpson.com,+1-616-898-7306x2205,East Theresaborough,USA
457,Perez PLC,Dr. Samuel Rogers,henryramsey@ponce-lewis.net,920.437.9355x4797,Lake Douglasland,USA
458,"Medina, Lopez and Stanley",Michele Petty,william18@li.com,+1-591-553-4671,Diazmouth,USA
459,Lamb Group,Brian Smith,melindagilmore@mitchell.com,(347)999-5103x2039,Rachelfort,USA
460,"Bennett, Hernandez and Vincent",Jessica Cook,susan46@tate.org,001-678-894-5579,Whitestad,USA
461,Munoz-Hess,Andrew Foster,heidipham@barton-carroll.com,487-680-6056x746,Brettburgh,USA
462,Nelson Group,Cassandra Torres,vholmes@mckee-yang.org,(533)500-3493,Cassandrafort,USA
463,Hughes-Dunn,Christopher Palmer,adrian72@trujillo.biz,001-223-780-0768x40368,Michaelland,USA
464,Rogers-Jackson,Larry Mcintosh,mallorysimon@ford.com,+1-392-913-4878x000,Ashleyview,USA
465,"Garcia, Davis and Turner",Julia Brown,nicolasmclean@bright.com,001-827-650-6232x060,East Rebekah,USA
466,"Lamb, Macias and Sanford",William Brewer,emily66@tucker.com,6512981278,Amandamouth,USA
467,Solis-Carson,Gail Ortega,leslie20@hernandez.com,373.357.6468x7328,West Wyattfurt,USA
468,Cantu LLC,Eddie Davis,kristine00@graves.net,(537)930-9678x401,East Stephanieland,USA
469,Hill and Sons,Tiffany Walker,hking@hansen-garrett.com,+1-664-816-0524x941,New Courtney,USA
470,Gibson Group,Christopher Green,jonesjose@sanchez.com,(538)804-1449,Port Scottbury,USA
471,Garza-Schmidt,Kenneth Singleton,qyoung@harris-mclaughlin.com,668-789-5854x80146,North Samuelburgh,USA
472,Nguyen-Gould,Daniel Pham,ashley63@martinez-davis.org,733-911-3794x8263,Kimberlyberg,USA
473,"Wilkerson, Horton and Potts",Marc Walsh,lawrencejacqueline@floyd-mccullough.com,(613)671-7242x411,Manntown,USA
474,"Martinez, Brown and Waller",Jacob Jones,richardsmith@quinn.com,(739)991-4721x5280,Alexandramouth,USA
475,"Bishop, Randall and Gibson",Kristi Pena,khicks@carney.com,(790)633-4390x8833,New Nataliemouth,USA
476,"Oneal, Lara and Baxter",Christine Jackson,hailey57@duke-mcgee.com,(405)668-3039,New Gail,USA
477,Everett LLC,Christian Nelson,morenobrenda@jones.com,001-866-228-8920x665,West Patrick,USA
478,Estes Ltd,Timothy Andrews,fordaaron@boyd-smith.info,318.635.6128,East Crystalland,USA
479,Garrison LLC,Terry Villa,qharris@christian-johnston.org,+1-578-532-0368x8854,Johnsonburgh,USA
480,Thomas LLC,Jennifer Sanchez,sierrastone@martin.net,354.852.3945x6810,Weaverfurt,USA
481,"Perez, Sanchez and Gomez",Holly Crane,alicia63@mccarthy.com,001-892-861-2932x523,Ramosberg,USA
482,"Jimenez, Padilla and Tran",Christine Yang,burtonsamantha@hernandez-pacheco.com,(846)371-9318,South Markstad,USA
483,Orr Ltd,Matthew Pena,wattschristopher@riddle-decker.com,001-689-452-5498x74687,North Bryanshire,USA
484,"Lawson, Ortiz and Garcia",Adrienne Lopez,jodi23@galloway.biz,+1-828-848-4155x5960,Williammouth,USA
485,Ross Ltd,Rachel Moreno,james56@robinson.com,447.908.8896x7220,Fryeville,USA
486,"Henderson, Rodriguez and Miles",Christina Williams,wknox@schneider.com,836.532.4665,East Melissa,USA
487,"Martinez, Mora and Hurst",Daniel Watson,timothywilliams@kane.com,+1-322-844-3120,Kristiland,USA
488,Andrews PLC,Nicholas Preston,robinsonemma@dennis.com,(409)420-7372x8329,Brandonview,USA
489,"Salazar, Johnson and Dillon",Heather Wilson,travis82@wilson.com,001-943-645-2579,Port Michelleside,USA
490,"Patel, Gallagher and Davidson",Mary Marquez,jonathan21@wilson-guzman.info,+1-873-966-3299,East Robert,USA
491,Fernandez LLC,Yesenia Johnson,sandy53@price.net,646.347.0945,Hilltown,USA
492,Davies Ltd,Brittany Day,uroberts@patterson.com,570-363-9807x3508,Jorgestad,USA
493,Good-Middleton,Gabriela Garza,joseph70@garcia-miller.com,612-569-6662x48016,Kingstad,USA
494,Cox-Taylor,Connie Hayes,fhawkins@carroll-gallegos.com,(205)697-2787,Kathymouth,USA
495,Harrison-Vaughn,Nathaniel Gonzalez,tara60@ortega.com,001-985-894-8314x7313,West Ryanfort,USA
496,Martin-Diaz,Christian Perry,tlewis@potter.com,9582647224,Port Courtney,USA
497,Briggs-Tran,Ariel Hendrix,garciasamantha@watkins.org,563.974.1042x15435,Michaelashire,USA
498,Shaffer PLC,Beverly Morrison,davidsandoval@spencer.biz,001-495-532-5400x5598,Millerberg,USA
499,"Porter, Miller and Jones",Melissa Murray,quinnjesse@rodriguez-lee.org,805.791.6270,West Jennifermouth,USA
500,"Ramos, Montgomery and Hill",Mark Butler,bkennedy@harding.com,+1-357-994-8933,Elizabethborough,USA
